<?xml version="1.0" encoding="UTF-8"?>
<project-private xmlns="http://www.netbeans.org/ns/project-private/1">
    <editor-bookmarks xmlns="http://www.netbeans.org/ns/editor-bookmarks/2" lastBookmarkId="0"/>
    <open-files xmlns="http://www.netbeans.org/ns/projectui-open-files/2">
        <group>
            <file>file:/C:/Users/Yvan%20Strong/Documents/NetBeansProjects/Server/src/Dao/TicketDao.java</file>
            <file>file:/C:/Users/Yvan%20Strong/Documents/NetBeansProjects/Server/src/Model/EventDTO.java</file>
            <file>file:/C:/Users/Yvan%20Strong/Documents/NetBeansProjects/Server/src/Model/Event.java</file>
            <file>file:/C:/Users/Yvan%20Strong/Documents/NetBeansProjects/Server/src/hibernate.cfg.xml</file>
            <file>file:/C:/Users/Yvan%20Strong/Documents/NetBeansProjects/Server/src/Model/Ticket.java</file>
            <file>file:/C:/Users/Yvan%20Strong/Documents/NetBeansProjects/Server/src/Service/StadiumInteface.java</file>
            <file>file:/C:/Users/Yvan%20Strong/Documents/NetBeansProjects/Server/src/Model/SessionManager.java</file>
            <file>file:/C:/Users/Yvan%20Strong/Documents/NetBeansProjects/Server/src/Service/Implemantation/StadiumImpl.java</file>
            <file>file:/C:/Users/Yvan%20Strong/Documents/NetBeansProjects/Server/src/Service/TicketInterface.java</file>
            <file>file:/C:/Users/Yvan%20Strong/Documents/NetBeansProjects/Server/src/Service/Implemantation/EventImpl.java</file>
            <file>file:/C:/Users/Yvan%20Strong/Documents/NetBeansProjects/Server/src/Model/UserDTO.java</file>
            <file>file:/C:/Users/Yvan%20Strong/Documents/NetBeansProjects/Server/src/Model/Stadium.java</file>
            <file>file:/C:/Users/Yvan%20Strong/Documents/NetBeansProjects/Server/src/Dao/UserDao.java</file>
            <file>file:/C:/Users/Yvan%20Strong/Documents/NetBeansProjects/Server/src/Controller/Server.java</file>
            <file>file:/C:/Users/Yvan%20Strong/Documents/NetBeansProjects/Server/src/Model/StadiumDTO.java</file>
            <file>file:/C:/Users/Yvan%20Strong/Documents/NetBeansProjects/Server/src/Dao/HibernateUtil.java</file>
            <file>file:/C:/Users/Yvan%20Strong/Documents/NetBeansProjects/Server/src/Service/Implemantation/TicketImpl.java</file>
            <file>file:/C:/Users/Yvan%20Strong/Documents/NetBeansProjects/Server/src/Model/User.java</file>
            <file>file:/C:/Users/Yvan%20Strong/Documents/NetBeansProjects/Server/src/Service/Implemantation/UserServiceImpl.java</file>
            <file>file:/C:/Users/Yvan%20Strong/Documents/NetBeansProjects/Server/src/Service/UserInterface.java</file>
            <file>file:/C:/Users/Yvan%20Strong/Documents/NetBeansProjects/Server/src/Dao/StadiumDao.java</file>
            <file>file:/C:/Users/Yvan%20Strong/Documents/NetBeansProjects/Server/src/Dao/EventDao.java</file>
            <file>file:/C:/Users/Yvan%20Strong/Documents/NetBeansProjects/Server/src/Model/TicketDTO.java</file>
            <file>file:/C:/Users/Yvan%20Strong/Documents/NetBeansProjects/Server/src/Service/EventInterface.java</file>
            <file>file:/C:/Users/Yvan%20Strong/Documents/NetBeansProjects/Server/src/Service/Implemantation/UserImpl.java</file>
        </group>
    </open-files>
</project-private>
